manufacturer,total_molds,neutral_pct,overstable_pct,understable_pct,unknown_pct,distance driver_pct,fairway driver_pct,mid_range_pct,putt and approach_pct,unknown_pct
Innova,173,45.09,36.99,8.67,9.25,15.61,19.08,22.54,33.53,9.25
Discraft,127,33.07,35.43,7.87,23.62,18.11,20.47,14.17,23.62,23.62
Prodigy,85,32.94,45.88,11.76,9.41,29.41,24.71,15.29,21.18,9.41
Latitude 64,83,42.17,49.4,4.82,3.61,25.3,31.33,15.66,24.1,3.61
Discmania,75,48.0,44.0,8.0,0.0,22.67,28.0,18.67,30.67,0.0
Dynamic Discs,58,41.38,41.38,12.07,5.17,22.41,27.59,18.97,25.86,5.17
Gateway,58,41.38,39.66,5.17,13.79,25.86,22.41,13.79,24.14,13.79
MVP,51,41.18,39.22,13.73,5.88,25.49,23.53,17.65,27.45,5.88
Lone Star Disc,51,43.14,45.1,11.76,0.0,21.57,31.37,19.61,27.45,0.0
Yikun,42,42.86,40.48,16.67,0.0,21.43,30.95,9.52,38.1,0.0
Westside,38,36.84,55.26,5.26,2.63,34.21,26.32,15.79,21.05,2.63
Doomsday Discs,36,47.22,33.33,2.78,16.67,16.67,22.22,16.67,27.78,16.67
Millennium,36,50.0,30.56,5.56,13.89,19.44,30.56,11.11,25.0,13.89
DGA,34,26.47,64.71,8.82,0.0,23.53,23.53,14.71,38.24,0.0
Axiom,32,56.25,37.5,6.25,0.0,31.25,34.38,12.5,21.88,0.0
Infinite Discs,30,43.33,43.33,13.33,0.0,23.33,23.33,20.0,33.33,0.0
Clash Discs,30,43.33,46.67,3.33,6.67,20.0,30.0,16.67,26.67,6.67
Kastaplast,27,33.33,62.96,3.7,0.0,29.63,18.52,25.93,25.93,0.0
Legacy Discs,27,29.63,62.96,7.41,0.0,18.52,37.04,18.52,25.93,0.0
XCom,27,40.74,18.52,11.11,29.63,22.22,25.93,11.11,11.11,29.63
Quest Applied Technologies,27,0.0,0.0,0.0,100.0,0.0,0.0,0.0,0.0,100.0
Lightning Discs,25,64.0,24.0,12.0,0.0,0.0,48.0,28.0,24.0,0.0
Daredevil,25,40.0,44.0,16.0,0.0,24.0,28.0,0.0,48.0,0.0
Mint Discs,24,25.0,50.0,8.33,16.67,12.5,25.0,25.0,20.83,16.67
Prodiscus,24,33.33,62.5,4.17,0.0,25.0,25.0,33.33,16.67,0.0
Above Ground Level,21,42.86,52.38,4.76,0.0,19.05,19.05,19.05,42.86,0.0
Newb SimHouse Custom Discs,21,0.0,0.0,0.0,100.0,0.0,0.0,0.0,0.0,100.0
Vibram,21,38.1,42.86,9.52,9.52,19.05,33.33,14.29,23.81,9.52
Guru Disc Golf,20,50.0,35.0,5.0,10.0,10.0,20.0,20.0,40.0,10.0
Thought Space Athletics,20,50.0,45.0,5.0,0.0,20.0,35.0,15.0,30.0,0.0
RPM Discs,18,44.44,44.44,11.11,0.0,22.22,33.33,16.67,27.78,0.0
Albatross Disc Golf,17,29.41,17.65,17.65,35.29,17.65,11.76,11.76,23.53,35.29
Remix Disc Golf,17,41.18,47.06,5.88,5.88,11.76,35.29,29.41,17.65,5.88
Streamline,17,47.06,35.29,11.76,5.88,17.65,35.29,17.65,23.53,5.88
X-UFO,16,62.5,37.5,0.0,0.0,12.5,50.0,18.75,18.75,0.0
Full Turn,13,46.15,53.85,0.0,0.0,30.77,23.08,23.08,23.08,0.0
Divergent Discs,13,46.15,30.77,23.08,0.0,15.38,30.77,23.08,30.77,0.0
Goliath Discs,13,53.85,46.15,0.0,0.0,23.08,30.77,23.08,23.08,0.0
Viking Discs,13,38.46,61.54,0.0,0.0,30.77,30.77,0.0,38.46,0.0
Elevation Disc Golf,11,45.45,36.36,0.0,18.18,9.09,18.18,27.27,27.27,18.18
Finish Line Discs,11,45.45,36.36,0.0,18.18,18.18,27.27,18.18,18.18,18.18
Essential Discs,11,36.36,54.55,9.09,0.0,9.09,27.27,36.36,27.27,0.0
Gram Discs,11,63.64,27.27,9.09,0.0,27.27,36.36,18.18,18.18,0.0
Reptilian Disc Golf,11,36.36,63.64,0.0,0.0,9.09,45.45,18.18,27.27,0.0
Supersonic Discs,11,45.45,54.55,0.0,0.0,27.27,27.27,9.09,36.36,0.0
Northstar Discs,11,9.09,81.82,0.0,9.09,27.27,36.36,9.09,18.18,9.09
Dino Discs,10,40.0,10.0,50.0,0.0,30.0,20.0,30.0,20.0,0.0
Wild Discs,10,40.0,60.0,0.0,0.0,20.0,30.0,20.0,30.0,0.0
Salient,10,70.0,30.0,0.0,0.0,40.0,20.0,20.0,20.0,0.0
Stokely Discs,9,22.22,22.22,0.0,55.56,0.0,11.11,11.11,22.22,55.56
Obsidian Discs,9,44.44,44.44,11.11,0.0,22.22,33.33,22.22,22.22,0.0
Orbital Discs,9,33.33,55.56,11.11,0.0,33.33,22.22,22.22,22.22,0.0
Meridian Discs,8,37.5,62.5,0.0,0.0,12.5,25.0,25.0,37.5,0.0
TOSY,8,0.0,0.0,0.0,100.0,0.0,0.0,0.0,0.0,100.0
Eurodisc,8,87.5,0.0,12.5,0.0,12.5,37.5,25.0,25.0,0.0
Trash Panda,8,50.0,12.5,12.5,25.0,12.5,12.5,12.5,37.5,25.0
EV-7,8,37.5,62.5,0.0,0.0,0.0,0.0,0.0,100.0,0.0
Alfa Discs,8,12.5,37.5,12.5,37.5,0.0,25.0,12.5,25.0,37.5
Momentum Discs,8,37.5,12.5,25.0,25.0,0.0,50.0,0.0,25.0,25.0
Hooligan Discs,7,57.14,28.57,14.29,0.0,28.57,14.29,28.57,28.57,0.0
Fly High Discs,7,85.71,14.29,0.0,0.0,28.57,14.29,28.57,28.57,0.0
Hyzer Bomb,7,14.29,85.71,0.0,0.0,14.29,28.57,28.57,28.57,0.0
Jester Disc Golf,7,42.86,28.57,14.29,14.29,0.0,28.57,14.29,42.86,14.29
Launch Disc Golf,7,42.86,28.57,14.29,14.29,14.29,28.57,28.57,14.29,14.29
Storm Disc Golf,7,28.57,71.43,0.0,0.0,28.57,14.29,28.57,28.57,0.0
Black Zombie Disc Golf,7,42.86,42.86,0.0,14.29,28.57,0.0,28.57,28.57,14.29
Discape Disc Golf,7,42.86,57.14,0.0,0.0,0.0,14.29,14.29,71.43,0.0
Exel Discs,7,42.86,57.14,0.0,0.0,14.29,28.57,14.29,42.86,0.0
Climo Disc Golf,7,57.14,28.57,14.29,0.0,14.29,28.57,28.57,28.57,0.0
Discwing,7,0.0,0.0,0.0,100.0,0.0,0.0,0.0,0.0,100.0
ABC Discs,6,83.33,16.67,0.0,0.0,16.67,33.33,33.33,16.67,0.0
Pie Pan Discs,6,50.0,16.67,16.67,16.67,33.33,16.67,16.67,16.67,16.67
H13 Disc Golf,6,83.33,16.67,0.0,0.0,16.67,33.33,16.67,33.33,0.0
Loft Discs,6,33.33,66.67,0.0,0.0,16.67,33.33,16.67,33.33,0.0
Negative Disc Golf,6,16.67,50.0,0.0,33.33,0.0,16.67,33.33,16.67,33.33
Kestrel Outdoors,6,33.33,66.67,0.0,0.0,0.0,33.33,16.67,50.0,0.0
Disctroyer,6,33.33,66.67,0.0,0.0,16.67,33.33,16.67,33.33,0.0
Fourth Circle Discs,6,50.0,50.0,0.0,0.0,16.67,16.67,33.33,33.33,0.0
Crosslap,6,50.0,33.33,16.67,0.0,33.33,16.67,16.67,33.33,0.0
Birdie,6,16.67,83.33,0.0,0.0,16.67,33.33,33.33,16.67,0.0
Element Discs,6,66.67,33.33,0.0,0.0,0.0,16.67,33.33,50.0,0.0
ProtoFlyte,5,0.0,0.0,0.0,100.0,0.0,0.0,0.0,0.0,100.0
STM Disc Golf,5,80.0,20.0,0.0,0.0,20.0,20.0,20.0,40.0,0.0
Compound Discs,5,40.0,60.0,0.0,0.0,0.0,0.0,0.0,100.0,0.0
Sacred Discs,5,100.0,0.0,0.0,0.0,20.0,20.0,0.0,60.0,0.0
Gorilla Disc Golf,5,60.0,20.0,20.0,0.0,40.0,20.0,20.0,20.0,0.0
DestinyDynamic Disc,5,0.0,0.0,0.0,100.0,0.0,0.0,0.0,0.0,100.0
Bernoulli,5,40.0,0.0,20.0,40.0,0.0,20.0,20.0,20.0,40.0
Tefat,5,40.0,40.0,0.0,20.0,20.0,40.0,0.0,20.0,20.0
Disgo,5,60.0,40.0,0.0,0.0,20.0,20.0,20.0,40.0,0.0
AquaFlight Discs,5,40.0,0.0,60.0,0.0,20.0,20.0,40.0,20.0,0.0
Good Tree Disc Golf,5,60.0,40.0,0.0,0.0,0.0,0.0,60.0,40.0,0.0
Galaxy Disc Golf,5,20.0,60.0,0.0,20.0,20.0,20.0,20.0,20.0,20.0
Aerobie,5,0.0,0.0,0.0,100.0,0.0,0.0,0.0,0.0,100.0
Neptune Discs,4,50.0,25.0,25.0,0.0,25.0,25.0,25.0,25.0,0.0
Taito Frisbeegolf,4,75.0,25.0,0.0,0.0,25.0,25.0,25.0,25.0,0.0
DiscPro,4,0.0,0.0,0.0,100.0,0.0,0.0,0.0,0.0,100.0
Discount Disc Golf,4,50.0,0.0,0.0,50.0,0.0,25.0,0.0,25.0,50.0
Osuma Disc,4,75.0,0.0,0.0,25.0,0.0,25.0,25.0,25.0,25.0
Disc Golf UK,4,50.0,50.0,0.0,0.0,0.0,25.0,50.0,25.0,0.0
Windward Discs,4,50.0,50.0,0.0,0.0,0.0,25.0,50.0,25.0,0.0
Goto Disc Golf,4,75.0,25.0,0.0,0.0,0.0,25.0,25.0,50.0,0.0
FotCot Discs,4,25.0,25.0,50.0,0.0,0.0,25.0,50.0,25.0,0.0
Qingdao Hippo Sport Products,4,50.0,25.0,0.0,25.0,0.0,25.0,25.0,25.0,25.0
Rogue Iron,4,100.0,0.0,0.0,0.0,25.0,25.0,25.0,25.0,0.0
Hero Disc,3,33.33,66.67,0.0,0.0,0.0,33.33,0.0,66.67,0.0
Nordisc,3,0.0,66.67,33.33,0.0,0.0,33.33,33.33,33.33,0.0
Deuz Disc Golf,3,66.67,33.33,0.0,0.0,0.0,0.0,33.33,66.67,0.0
Swiftflyte,3,66.67,33.33,0.0,0.0,0.0,33.33,33.33,33.33,0.0
ColorYourGame,3,66.67,33.33,0.0,0.0,0.0,33.33,33.33,33.33,0.0
Wingman,3,100.0,0.0,0.0,0.0,0.0,33.33,33.33,33.33,0.0
Yeet Street Discs,3,66.67,0.0,33.33,0.0,0.0,33.33,33.33,33.33,0.0
Grassland Discs,3,33.33,66.67,0.0,0.0,0.0,0.0,66.67,33.33,0.0
Ozone Discs,3,66.67,33.33,0.0,0.0,33.33,0.0,66.67,0.0,0.0
Pacific Cycle,3,0.0,0.0,0.0,100.0,0.0,0.0,0.0,0.0,100.0
Paradigm Disc Golf,3,0.0,0.0,0.0,100.0,0.0,0.0,0.0,0.0,100.0
Independent Discs,3,66.67,0.0,0.0,33.33,0.0,0.0,33.33,33.33,33.33
Skyquest,3,100.0,0.0,0.0,0.0,33.33,33.33,0.0,33.33,0.0
HIAARO,3,100.0,0.0,0.0,0.0,0.0,33.33,33.33,33.33,0.0
Premier Discs,3,33.33,33.33,33.33,0.0,0.0,33.33,0.0,66.67,0.0
Sportme,3,0.0,0.0,0.0,100.0,0.0,0.0,0.0,0.0,100.0
All 4 Frisbee,3,0.0,0.0,0.0,100.0,0.0,0.0,0.0,0.0,100.0
Native Discs,3,66.67,0.0,33.33,0.0,0.0,33.33,33.33,33.33,0.0
AstroDisc,3,33.33,33.33,33.33,0.0,0.0,100.0,0.0,0.0,0.0
Forge Discs,3,66.67,33.33,0.0,0.0,0.0,33.33,33.33,33.33,0.0
FlyTec,3,100.0,0.0,0.0,0.0,0.0,33.33,33.33,33.33,0.0
Flight Lab,3,66.67,33.33,0.0,0.0,33.33,0.0,33.33,33.33,0.0
UB Disc Golf - Hand Candy,3,66.67,33.33,0.0,0.0,66.67,0.0,0.0,33.33,0.0
True Par Disc Golf,3,100.0,0.0,0.0,0.0,33.33,0.0,33.33,33.33,0.0
Kraken Discs,3,33.33,0.0,0.0,66.67,0.0,0.0,0.0,33.33,66.67
Franklin Sports,3,0.0,0.0,0.0,100.0,0.0,0.0,0.0,0.0,100.0
Lightspeed Disc Golf,3,0.0,100.0,0.0,0.0,0.0,33.33,33.33,33.33,0.0
RIPR,3,33.33,66.67,0.0,0.0,33.33,0.0,33.33,33.33,0.0
Wing It Disc Golf,3,33.33,33.33,33.33,0.0,33.33,33.33,33.33,0.0,0.0
National Perk Service,3,33.33,0.0,0.0,66.67,0.0,0.0,0.0,33.33,66.67
Hobbysport,3,0.0,0.0,0.0,100.0,0.0,0.0,0.0,0.0,100.0
Disc Monkey,3,66.67,33.33,0.0,0.0,0.0,33.33,33.33,33.33,0.0
Rip Disc Golf,3,66.67,33.33,0.0,0.0,33.33,0.0,0.0,66.67,0.0
Lucky Discs,3,33.33,66.67,0.0,0.0,33.33,33.33,0.0,33.33,0.0
Terminal Velocity Discs,2,0.0,50.0,50.0,0.0,0.0,50.0,50.0,0.0,0.0
Andromeda M31 Discs,2,100.0,0.0,0.0,0.0,0.0,50.0,0.0,50.0,0.0
Aerobees,2,100.0,0.0,0.0,0.0,0.0,0.0,100.0,0.0,0.0
CHING Disc Golf,2,100.0,0.0,0.0,0.0,0.0,0.0,50.0,50.0,0.0
Arsenal Discs,2,100.0,0.0,0.0,0.0,0.0,50.0,0.0,50.0,0.0
Cheengz,2,100.0,0.0,0.0,0.0,0.0,0.0,0.0,100.0,0.0
Torch Discs,2,50.0,0.0,0.0,50.0,0.0,50.0,0.0,0.0,50.0
Sector,2,0.0,0.0,0.0,100.0,0.0,0.0,0.0,0.0,100.0
Ballisdisc,2,0.0,50.0,0.0,50.0,0.0,50.0,0.0,0.0,50.0
Tobu Discs,2,50.0,0.0,50.0,0.0,0.0,100.0,0.0,0.0,0.0
Tomahawk Specialty Discs,2,0.0,0.0,0.0,100.0,0.0,0.0,0.0,0.0,100.0
Plastic Paradise,2,0.0,0.0,0.0,100.0,0.0,0.0,0.0,0.0,100.0
3C Discs,2,50.0,50.0,0.0,0.0,0.0,0.0,0.0,100.0,0.0
Goeringer Discs,2,0.0,0.0,0.0,100.0,0.0,0.0,0.0,0.0,100.0
GT Discs,2,50.0,50.0,0.0,0.0,50.0,0.0,0.0,50.0,0.0
Disc 4 Fun,2,0.0,50.0,0.0,50.0,0.0,0.0,0.0,50.0,50.0
Plastic Addicts,2,50.0,50.0,0.0,0.0,50.0,0.0,0.0,50.0,0.0
Las Aves Disc Golf,2,0.0,0.0,0.0,100.0,0.0,0.0,0.0,0.0,100.0
Kliffa Discs,2,0.0,0.0,0.0,100.0,0.0,0.0,0.0,0.0,100.0
Ocean Discs,2,100.0,0.0,0.0,0.0,0.0,0.0,100.0,0.0,0.0
Uplay Disc Golf,1,0.0,0.0,100.0,0.0,0.0,0.0,0.0,100.0,0.0
Tokyo Discs,1,0.0,0.0,0.0,100.0,0.0,0.0,0.0,0.0,100.0
Ferris State University,1,0.0,0.0,0.0,100.0,0.0,0.0,0.0,0.0,100.0
Finuline,1,0.0,0.0,0.0,100.0,0.0,0.0,0.0,0.0,100.0
Tornado Throw,1,0.0,100.0,0.0,0.0,0.0,100.0,0.0,0.0,0.0
Flight Forge Discs,1,100.0,0.0,0.0,0.0,0.0,0.0,100.0,0.0,0.0
Appalachian Discs,1,0.0,0.0,0.0,100.0,0.0,0.0,0.0,0.0,100.0
Kalaxy Discs,1,100.0,0.0,0.0,0.0,100.0,0.0,0.0,0.0,0.0
Dolphin Papa,1,0.0,0.0,0.0,100.0,0.0,0.0,0.0,0.0,100.0
Visionary Disc Golf,1,100.0,0.0,0.0,0.0,0.0,0.0,100.0,0.0,0.0
Ire Gear,1,0.0,0.0,100.0,0.0,0.0,0.0,0.0,100.0,0.0
ITC Discs,1,100.0,0.0,0.0,0.0,0.0,0.0,0.0,100.0,0.0
Hummingbird Flight Tech,1,0.0,0.0,0.0,100.0,0.0,0.0,0.0,0.0,100.0
Hole19 sarl,1,0.0,0.0,0.0,100.0,0.0,0.0,0.0,0.0,100.0
Hobby Discs,1,100.0,0.0,0.0,0.0,0.0,0.0,100.0,0.0,0.0
Wulfram,1,0.0,0.0,0.0,100.0,0.0,0.0,0.0,0.0,100.0
Hero Leports,1,0.0,0.0,0.0,100.0,0.0,0.0,0.0,0.0,100.0
Evolvent Discs,1,100.0,0.0,0.0,0.0,0.0,0.0,100.0,0.0,0.0
Circus Discs,1,0.0,0.0,0.0,100.0,0.0,0.0,0.0,0.0,100.0
Loop Discs,1,100.0,0.0,0.0,0.0,0.0,0.0,100.0,0.0,0.0
Chumba,1,100.0,0.0,0.0,0.0,0.0,0.0,0.0,100.0,0.0
Climate Disc Golf,1,0.0,0.0,0.0,100.0,0.0,0.0,0.0,0.0,100.0
Prysm Discs,1,0.0,0.0,0.0,100.0,0.0,0.0,0.0,0.0,100.0
ProjBlk,1,0.0,100.0,0.0,0.0,0.0,0.0,0.0,100.0,0.0
PrintPractical,1,0.0,0.0,0.0,100.0,0.0,0.0,0.0,0.0,100.0
SaddleBack Discs,1,0.0,0.0,0.0,100.0,0.0,0.0,0.0,0.0,100.0
Precision Flytes,1,0.0,0.0,0.0,100.0,0.0,0.0,0.0,0.0,100.0
Sci-Fly Discs,1,100.0,0.0,0.0,0.0,0.0,0.0,0.0,100.0,0.0
Shaman Disc Golf,1,100.0,0.0,0.0,0.0,0.0,0.0,0.0,100.0,0.0
Shenzhen Reanson,1,0.0,0.0,0.0,100.0,0.0,0.0,0.0,0.0,100.0
Skyiron,1,100.0,0.0,0.0,0.0,100.0,0.0,0.0,0.0,0.0
Deity Discs,1,0.0,0.0,0.0,100.0,0.0,0.0,0.0,0.0,100.0
Snap Discs,1,0.0,0.0,0.0,100.0,0.0,0.0,0.0,0.0,100.0
Parked LLC,1,0.0,0.0,0.0,100.0,0.0,0.0,0.0,0.0,100.0
Delta Mold LLC,1,0.0,0.0,0.0,100.0,0.0,0.0,0.0,0.0,100.0
Best Disc Golf Discs,1,0.0,0.0,0.0,100.0,0.0,0.0,0.0,0.0,100.0
OZDG,1,100.0,0.0,0.0,0.0,0.0,0.0,0.0,100.0,0.0
ODDGRIP,1,100.0,0.0,0.0,0.0,0.0,0.0,0.0,100.0,0.0
Synergy Discs,1,0.0,0.0,0.0,100.0,0.0,0.0,0.0,0.0,100.0
Nice Discs,1,0.0,0.0,0.0,100.0,0.0,0.0,0.0,0.0,100.0
Disc King,1,100.0,0.0,0.0,0.0,0.0,0.0,0.0,100.0,0.0
